11.jpg,306,246,368,271
12.jpg,287,233,479,249
13.jpg,283.8,137.3,352.7,177.5
14.jpg,290,242.6,351.5,266
15.jpg,418,225.6,645,275
16.jpg,364.5,211,650,189
17.jpg,282,246.5,334.5,270
18.jpg,247,233,308,255.6
19.jpg,547,237,645,271
20.jpg,273,238.7,329.3,262
22.jpg,275.8,246.5,365.8,283
23.jpg,342,246,481,309
24.jpg,346.2,251.7,479,311.7
26.jpg,286,190,358,225.6
27.jpg,94.5,212.6,248,263
30.jpg,334.5,233,454.5,283
31.jpg,311,233.4,405,266
32.jpg,283.7,240,354,273.9
33.jpg,235.4,173.5,365.8,236
34.jpg,279.7,230.1,363,275
35.jpg,278,234.7,359,276
41.jpg,300.6,241.3,382.8,284.3
42.jpg,235.4,247.8,425.8,332.6
43.jpg,329,259,385,276.5
45.jpg,367,233.5,508,306.4
46.jpg,389.3,237.4,458.4,458.4
47.jpg,397,253,468.9,306.4
48.jpg,425.8,234.8,535.4,250.4
49.jpg,305.9,242.6,361.9,259.5
57.jpg,302,238.7,352.8,257
58.jpg,372,231,460,267
59.jpg,271.8,211,547.9,348
60.jpg,276.9,157,567.2,287
61.jpg,287,188,586.6,326
62.jpg,269,148,575,280
63.jpg,266.6,186.7,569.8,335
65.jpg,407.6,213.9,492,249
66.jpg,411.5,213.9,491,257
67.jpg,377.6,217.8,438.9,253
68.jpg,549.7,202,650,246
69.jpg,356.7,210,418,240
70.jpg,262.8,186.5,330.6,217.8
74.jpg,295,171,402,224
76.jpg,305.9,224,368,259
77.jpg,230,118.7,326.7,223
78.jpg,326.7,223,626.7,374
83.jpg,0.69,124,214.7,299
84.jpg,271.9,163,385.4,212.6
88.jpg,165,212.6,645,327
89.jpg,270.6,217.8,337,266
91.jpg,287.6,233,345,260
92.jpg,285,176,369.8,215
96.jpg,305.9,210,380,234.8
98.jpg,280,232,350,256
99.jpg,307,228,,
100.jpg,425.8,228.2,588.8,259.5
101.jpg,202.8,130,403.6,240
103.jpg,311,230.9,384,257
105.jpg,287.6,237,358,260.8
106.jpg,294,233,265.8,263
108.jpg,302,219,373.7,258
109.jpg,296.7,233,368,258
115.jpg,494.9,221,645,267
116.jpg,371,236,461,268.7
117.jpg,319,233,611,350
118.jpg,265,208,551,349
119.jpg,292,180,578.9,306
120.jpg,274,160,568,285
121.jpg,280,164.8,580,294
122.jpg,284,182,587,327
123.jpg,273,186,567,329
124.jpg,267.9,141.6,576,271.8
125.jpg,265.3,159.6,581,291
126.jpg,262.7,188,572,332
127.jpg,264,151,578.9,295
